wallet_address,date,ip address hash,twitter username,twitter id,twitter follower count,twitter account created,discord username,discord id,eth balance at registration,collab,winner,waitlist,disqualified,custom field
0xbb66be93ac0683022711da967bfe9cc686ab2cab,2022-08-04 14:37:02.176393+00:00,4930b5a0f535651ed70186ef310ac722c4fba8a6c11b14d5cd86e111,AnaBassNFT,1554807267844816896,3,Wed Aug 03 12:32:07 +0000 2022,,,0.015400726914310357,,True,False,False,
0x106203b095836ff15572a579c9465a33b7880a5f,2022-08-04 14:37:07.717904+00:00,bd7e32e4027b38b083d5800ac0875aff844387d1deebfac780d009d9,chichu3024,1432761826568138752,3,Tue Aug 31 17:47:02 +0000 2021,,,0.008321230042677874,,True,False,False,
0xbccaf9d2fc62c3687c42a6807c31106b56c3a76e,2022-08-04 14:48:31.894412+00:00,7725869fa497c25a0db5d573a32b71a90b2415db1204d7a36c0e5a7e,,,,,,,0.13384827125619714,,True,False,False,
0xc457ac7de3170d476e74d9c9a1a116555138420f,2022-08-04 15:00:15.045406+00:00,4dc1e069557cf8fb85d4349b4a7f482290200d8489ce4f4268ac50f5,,,,,,,0.013203665581531668,,True,False,False,
0x918fdf3afcfb53cabea4d374007a0cb1d67265fa,2022-08-04 15:11:49.675627+00:00,0c4f07a27b03fb23175a7ce9684b7d4ad72b518c1c302cb9331a6fdf,,,,,,,0.009812858400480616,,True,False,False,
0x1d8a64283e06fd91f3c1e04efc35536d38cf9c9e,2022-08-04 15:20:45.020218+00:00,261dec4242748362e20435f4a7b780d3c0c91cc066791a5fe8bdb3c4,,,,,,,0.013285528360028,,True,False,False,
0xfb03adbf1eb62d58eeff14857be281988f350c3e,2022-08-04 15:24:20.942092+00:00,48b0af6a415df8c1423ec9d72c6e280234884caa92e887d9d168bc46,,,,,,,0.006356678380790553,,True,False,False,
0x53da3df491c3f648b74c8dc459e8fb9cf0841efe,2022-08-04 15:24:23.611814+00:00,b5a4ac00304352d0d1bfda3a8ada7489b9910aa87b62ce3c99497ff9,,,,,,,0.015175034758478095,,True,False,False,
0x0F29FE31bB9059a50e6e970985cF88E8Cd9FF01A,2022-08-04 15:25:27.681461+00:00,d2678d1a88a6948f436f63ad51c1ed4454a4972061bc1e596d7bfb59,,,,,,,0.018413736085550983,,True,False,False,
0xce25c0f00509914e75969b16fa40b66ff31644f4,2022-08-04 15:26:21.988749+00:00,e0ce4b38841d96ae49f40b5903ec19f9322a954d131dc5e6aef27a18,,,,,,,0.8960929807292091,,True,False,False,
0xa2922fd98300e6ee704f4e7a73a6df9f143f2d0c,2022-08-04 15:26:35.161065+00:00,d3bd84d741284ac10dafcdbb6281907521f0b890a5ee03befe95e6d7,,,,,,,0.020676398897986753,,True,False,False,
0xcd346d3a8e29fddff625256c3f8b32ad72410e13,2022-08-04 15:26:49.631012+00:00,ddce6c9f8ef057e1a74d8f6a4dae1b0f6733fb871147fa17154ff826,,,,,,,0.07611510142600804,,True,False,False,
0x378c146344e945d1e16cc8c39802303a2840a37a,2022-08-04 15:26:49.794026+00:00,fb895efb89eb2a88fae285365751b4741828a3d431b13df1e12464aa,,,,,,,0.037834513067055854,,True,False,False,
0x8663c72ed6be2fbbb0ea7722dc50f7143acf5757,2022-08-04 15:27:01.608342+00:00,4986930cbf9fbe560dac2a6a9036fce49ebaeee85e9f34c670234c11,,,,,,,0.250940589278749,,True,False,False,
0x838c0B75E35083b091f46EFb09C93d09312858cD,2022-08-04 15:27:30.234498+00:00,1598a33516c453986ff0051a0808cf75282690a6ce08011ba6335c6d,,,,,,,0.2330477667763053,,True,False,False,
0x4cfd50f62df880cccd5e6d489e9ea3039819aad1,2022-08-04 15:27:31.957071+00:00,5de663c1c064f9d8afc320e4220ff98e92bedcb1e75fd6c8555c0a6a,,,,,,,0.35264697692074076,,True,False,False,
0x948a4dbdaccb4d10b9395b4c863d34e335e3eb21,2022-08-04 15:28:28.950556+00:00,44b975e59ca647c36765f8e54a9241aa2d214e516885b73bf2680381,,,,,,,1.5997567660031684,,True,False,False,
0xb815fd26711ead7932cf9090fbfac92c4f46190f,2022-08-04 15:29:07.324613+00:00,b3f4bbb56a4f5bad901b2362d8702753d3387ec48d248fd32ece2734,,,,,,,0.21167916852252747,,True,False,False,
0x622c9772b618603eadafb90e1a82b8f6edb65c3a,2022-08-04 15:30:15.406774+00:00,d3571753c9e99968cfac44fafaa807010b1b0bed115bcf31262250ce,,,,,,,0.05253565048029854,,True,False,False,
0x6ed96409f21f3305c8378b9e93c17ed13c9ea7cc,2022-08-04 15:30:21.749864+00:00,7c6a65dfa54f9f95973a74fb6169a794dfd890deb259ecf0dd2c500f,,,,,,,0.006966279761978777,,True,False,False,
0xf88b16a0c9049d6ff84634e5513a7e9c703334e7,2022-08-04 15:30:27.303475+00:00,99d328ab4a00235e9b8a5f205b97067fac534ae03d597ba736982769,,,,,,,0.12838327327817242,,True,False,False,
0xa4c9a48d41c5fbc763927a049b9bbc323f981954,2022-08-04 15:31:00.860899+00:00,819f7555c2ca83606130fa8e061f06211c6baa762158c957cfc7491d,,,,,,,0.03184885899460213,,True,False,False,
0x220652688d3ae683d429c3730254c2761149cff4,2022-08-04 15:31:03.173611+00:00,39a6e5bb79ea72c81a6bb676634e5debbc205c87392d874b9b5cde37,,,,,,,0.1765778612081867,,True,False,False,
0xde9023464619639ac0e96961f5820baa83fbea8e,2022-08-04 15:31:09.034590+00:00,92dc54e98c289da6ca361d9ec09321473e814326b4a829a345f7dd77,,,,,,,0.3809767714719124,,True,False,False,
0x64092516c027ec77e3fefc4a010a957b3c632991,2022-08-04 15:32:19.857153+00:00,d63aa1dfd3316f6007149ea919ce11b8efb25cebbdf573d5d9116295,,,,,,,0.09691927510847956,,True,False,False,
0xc99cabc336a19a9e4868098adc85e01fae52eb9d,2022-08-04 15:32:44.332351+00:00,c54f56ffd60de3fb91304d928750150798fcc76ebb82d62d30739b6c,,,,,,,0.03206751983318426,,True,False,False,
0xfb9784d8ce561c68e204944bf0d781dc2a0d9d90,2022-08-04 15:34:36.369216+00:00,3c3b1b9e7dca31cfd15d810ab1e4d9852077c7169b55d937ed63f08e,,,,,,,0.11903326830748866,,True,False,False,
0x19be73de77eaddafde6a80edb57bb8b7eac2f275,2022-08-04 15:35:40.929063+00:00,1e08dedc513506470c57010c4c374aa18a1dddcd657fbf4c129e50ff,,,,,,,0.057444066878735434,,True,False,False,
0x184b91342e3441d0e0bfe7038d31cffff3333a47,2022-08-04 15:37:19.667954+00:00,87d58f1841862bd4f174e470ed1efd1a2ae8ea5b3b91e7324f79088a,,,,,,,2.3389919375009978,,True,False,False,
0x645fdc6311d30d78a85dcf2857fc435045f64057,2022-08-04 15:38:38.878644+00:00,0c818d87b8505fb4ebcd98d599b15629523263afb4874691d018ad52,,,,,,,1.4244980752943257,,True,False,False,
0x835b4485955ba8046231275318b579a1165cee2d,2022-08-04 15:40:47.293738+00:00,f9af28ab82576206d1b25f1a8ca957bdf385aa93c8fd56cb0d9638f7,,,,,,,0.009915994579023925,,True,False,False,
0x059c8484d99eb132923d5ebc1e29cbab2132ab79,2022-08-04 15:42:09.381896+00:00,ff7bf55e0133d48c823e257cf14ced5a2f079523f8cf96848687dd0e,,,,,,,0.024653936123055203,,True,False,False,
0xFE27E95dA85fc755592d8eA6c4efA8579f7330D1,2022-08-04 15:42:27.982672+00:00,137caf70d679a955b63b862c7b0f8d8f79309f9f98a3aeef0acff6c2,,,,,,,0.04891122079187359,,True,False,False,
0xb77b2cddd60cfd880583294c2f71bf128d55fa56,2022-08-04 15:44:19.004759+00:00,4fd3358660c6c2e546336d4c4e3a6e4dac2a24ac91523bd58ea95653,,,,,,,0.2297085901257377,,True,False,False,
0xa1fbf4e3874a511186b07dd39862e42cbbc4af91,2022-08-04 15:48:48.505029+00:00,61aa2eaedb433bb79ea3a96f7e30cc708b08e3ad747b1af5925af486,,,,,,,0.013035837294825091,,True,False,False,
0x1ea2246dc2266351a9e83a2cfa8c62068ea88f20,2022-08-04 15:50:25.153421+00:00,1f116cdf4c44a6bbe27f9ddd6f96e6d634cad2da43a4022a2b0c290a,,,,,,,0.3130913375001946,,True,False,False,
0x1ed1dffbca074291de2a2539c92b6e878b7c83da,2022-08-04 15:52:22.296203+00:00,29f2db0a0de98268a3b20c784ce261e52e785ec4e5e67f7bbf2a173e,,,,,,,0.014859375417829054,,True,False,False,
0xf8ad5f2adae468c3ded4ad0b735d94f92bd34600,2022-08-04 15:53:45.571638+00:00,2f25dfc8f985e725439a48f12a8b22e69e7c300e79005fde20af580c,,,,,,,0.014887585924498816,,True,False,False,
0x87395739ba3cf0aebdc707fc2b0e67495232500a,2022-08-04 15:54:20.705209+00:00,02de60c32777630cd1781a0aa35ad07983c5a723b55994061c029f59,,,,,,,0.4111215603531794,,True,False,False,
0x4eb166aa490547e12dd3a9eded8d2b5e8e5de0b5,2022-08-04 15:55:54.085461+00:00,52b097656afe993a4605bd8034c8ac8b1c78b3d0d16776890a81ae32,,,,,,,2.8129636441054484,,True,False,False,
0x816342193a94ae0bf0a4807976f78d5ab03d12ef,2022-08-04 15:56:30.244457+00:00,283d673ec60341dc87a84fe49c0c616ff5bef4b150c2ab29f4b3dc45,,,,,,,0.014908128876971774,,True,False,False,
0x7ff1c0cbbc649859ff54ac8d10ea15bbfaf80067,2022-08-04 16:03:07.974269+00:00,0a777811c8b1d12f981c35d94bb3e8ed5d34b97a0f31130867e28531,,,,,,,0.2809655533360629,,True,False,False,
0xfa2a56c6cfa68deea34f2640b259036fe824a2e9,2022-08-04 16:07:24.065236+00:00,5364d3ae502d3460544b66fadb670712f9ef7a61da24cccef54868ec,,,,,,,1.5641780860917933,,True,False,False,
0xa4856a7586fd0f2eec5bdeb49b7b8cf80ce3ddf1,2022-08-04 16:11:10.608269+00:00,98a0e31576d192de72ec5b374316b5969deb2f640355fd60dd068fb6,,,,,,,0.41289821053942094,,True,False,False,
0x0c73f5cd2148efca24fb42ab3134f5cafd82f087,2022-08-04 16:16:27.743889+00:00,8dacc609e7333a9350b712cbefcf301f30ce50da239581e6a24b7bde,,,,,,,0.07732958807281397,,True,False,False,
0xc623483a440a6fb5c0d41f8e30a9f3df49a237ad,2022-08-04 16:19:08.004972+00:00,49b4e752810990b4ee7eec5f29de64c9695c66d1cddbbaf04392c4eb,,,,,,,0.35369491381616663,,True,False,False,
0xc897803ed54cc7420b45d89533f870c66f718e52,2022-08-04 16:23:32.781860+00:00,b2d6be2714987afdeb49c4d481ec372f0ebc96f89fd25e70f395d85d,,,,,,,0.02281055158886693,,True,False,False,
0x976f7f5b7d0698128a7eaba472a82da175fff52c,2022-08-04 16:38:43.790669+00:00,8b5c9df4ffb561b55fb7d36047b34b573376ffaa22264c78e1bd3d35,,,,,,,0.01075531312179689,,True,False,False,
0xde0fa6299b4cdd054ce4d0c263305e37fb32f749,2022-08-04 16:44:03.554094+00:00,15276f691b9b601ee60f62f83e0b0b282a6425d3c43eed0a9ea06d97,,,,,,,0.3078508679833721,,True,False,False,
0x5101aabf58da073ef5dded22e60affd7b6fc98d4,2022-08-04 16:48:12.144968+00:00,7b10bb725ca52ea5ffdefe9692aec33c82be9b9d4118c049dba20689,,,,,,,0.46007056990807976,,True,False,False,
0xe0edc1437f3a925342c02df2a4eb7eb899431633,2022-08-04 17:02:59.311526+00:00,4fd3358660c6c2e546336d4c4e3a6e4dac2a24ac91523bd58ea95653,,,,,,,0.21711298796614087,,True,False,False,
0x2a881f5c9bf385621f1ba9e5a26eb767886e1705,2022-08-04 17:04:18.250007+00:00,12924892b17b916441c0c04fcdc4c85893049c2ac4e697fb220607cf,,,,,,,1.1562033069657314,,True,False,False,
0x511862d7c34c3e116fe8d5768e59ce8016bad98b,2022-08-04 17:07:31.993315+00:00,089a02519c8118261797362043a5b826dfd9b1611bfc188d1a342db8,,,,,,,0.2755045058756081,,True,False,False,
0xb915d1e50b237a1c3a12a1487f3510cddb466dd6,2022-08-04 17:12:23.646216+00:00,448d11aaa7de3bea32143687f1ca308df4c5f04e262e873a1b6ee409,,,,,,,0.019314939458731167,,True,False,False,
0x6f917464e270ab662482d29dde5bf526e5059f6e,2022-08-04 17:21:35.530554+00:00,dafa4a9b9424de2a962f4bd72524cd314cfcf069ac52163da0f2fee5,,,,,,,0.13657523204256578,,True,False,False,
0x2c80d06244043c440c8e2115329bb93d8050a5c6,2022-08-04 17:35:39.559194+00:00,99f818f30c0436e784d7e8f3b70b2011a3336cea23a46b379838c033,,,,,,,0.023520968293868252,,True,False,False,
0x72be3613fc246261394f1beb1df50f2bb0274937,2022-08-04 17:41:44.911416+00:00,dec74c9046763fc7dba6092fc98e2f1768ea16cff55d75c595168676,,,,,,,0.07010394027650092,,True,False,False,
0x1a47ef7e41e3ac6e7f9612f697e69f8d0d9f0249,2022-08-04 17:41:47.245944+00:00,dc3a20b2ac011094a2b3d282d13cd72f6665433628e97fcfcc115131,,,,,,,0.8694776963686014,,True,False,False,
0x62568c796b95127c27c8638dbecdd4eb3a16a162,2022-08-04 17:46:05.662824+00:00,15a41a032a1a1ca68c58bb07a7ed99a611a1bcd103f875c7c9670092,,,,,,,1.5014990291000683,,True,False,False,
0x48c7bf7650111f11447a32e1087ad0fb250434a2,2022-08-04 17:54:02.651544+00:00,7ac1d61351969384dd4355b632619204c922c049879ad4bae213190f,,,,,,,0.7245778437645356,,True,False,False,
0x8308f5a4cb6b33b09b30e880e82ed637d834b097,2022-08-04 18:11:48.633152+00:00,816e44c738a0c98832bd727542a41a24aea897d690aa0ecc5112ccb3,,,,,,,0.3325326928096118,,True,False,False,
0x200b762b3312349c0c0fadbe19c01f1813545cf5,2022-08-04 18:12:12.196335+00:00,d212e547cfbea6cfb14b77990eebe58c495fe88339d827f27029fc79,,,,,,,0.00943779742139049,,True,False,False,
0x621188985e08bb357a556b657ba8008fc743ceee,2022-08-04 18:20:41.286883+00:00,c66d2f6a53cd6270e9e7551eb4d299aa268aa5d1de335fe6cd5b77d8,,,,,,,0.22667483792535809,,True,False,False,
0x782b0b63058ec5ef60c9821f4761713cd40807ce,2022-08-04 18:27:18.336598+00:00,04c12c9c335f4cc64ac550ce4864347a70fbc5219117341de482680c,,,,,,,0.15088689635554453,,True,False,False,
0xc3ae4d28c204fb07b80cdd8b2d9ada361d82992b,2022-08-04 18:40:37.923865+00:00,498e67c8fe0a41f157d6c90ee22c537cb7051ed32cc44df800b96b41,,,,,,,0.3095345253963001,,True,False,False,
0x61edbb3fe3d835b48a770fcbdedc1f988dd53f82,2022-08-04 18:48:46.470841+00:00,1cc1e5a481d1daeaa80d0cd599afe7d4f4c48b3287ff270d4aec51df,Ubai_Dz,914129089,469,Tue Oct 30 07:48:22 +0000 2012,,,0.04925156451561975,,True,False,False,
0x5a37c56f1544298a229beb7aa7047ba378fc6efd,2022-08-04 19:03:43.913790+00:00,1fe99abeb02869db65bbfa1eba68ef40d6b5f3bfb196ffd03b0186a4,Audreyismeeee,1500577187870744578,18,Sun Mar 06 21:01:02 +0000 2022,,,0.05880912008494062,,True,False,False,
0x3bbc207665749fe728d19f1148d693c273ec4bbd,2022-08-04 19:03:53.475646+00:00,e6191fee8b10e19b18a103ac5433f2fe818f7c56643fdd489c22721d,RandomGainz,1371363343999496194,211,Mon Mar 15 07:31:38 +0000 2021,,,0.14955807285310826,,True,False,False,
0x787f7aAC50f99B22c0E625c8D2587a023B15Ef42,2022-08-04 19:05:22.106032+00:00,e44b988efd9a1482543b1f99883173a0e16f83a7c273bf0f3a0e6667,RothielNFT1,1483813389684125696,119,Wed Jan 19 14:48:01 +0000 2022,,,0.07622814670303574,,True,False,False,
0x5ec75c4bd71e89f13a6e7690e5c038c41267178b,2022-08-04 19:15:39.298279+00:00,d84341b6c5198afc517efc29d49ba180705e9e139e7aec6d3df4e027,lupin_kkn,1506492022865088512,3,Wed Mar 23 04:44:33 +0000 2022,,,1.0413780204462757,,True,False,False,
0x29636c9b3931cf00ad3d27df4c2db236fdaf8e42,2022-08-04 19:18:39.919907+00:00,1fe99abeb02869db65bbfa1eba68ef40d6b5f3bfb196ffd03b0186a4,handsomeboyyyyo,1463717002523066369,71,Thu Nov 25 03:51:59 +0000 2021,,,0.02014096104365,,True,False,False,
0xa16231d4da9d49968d2191328102f6731ef78fca,2022-08-04 19:48:04.502127+00:00,ada5e5e3533585d9e829699140d8a168cd93a24b1a5d2ad79ef7947b,FZhengs,1484930611,56,Wed Jun 05 12:33:44 +0000 2013,,,0.3678516401116336,,True,False,False,
0xb6dda303e0443d2d5eb0560424868d0c5081c6bb,2022-08-04 20:12:19.214679+00:00,fbe96434ae97a5bcd2d2c7ef57f4c193f6b04263adf89599a1c2ed3f,FmertNFT,1550490901729902594,16,Fri Jul 22 14:40:24 +0000 2022,,,0.015,,True,False,False,
0xfc0996d0d37511cb8a0d2dea2104078b1d383998,2022-08-04 20:28:41.070876+00:00,9f9ecc6b718323c8a0ab3109096ce1dcb8082d93129528a219453693,Cade0034,1189523357915602944,113,Wed Oct 30 12:44:14 +0000 2019,,,0.09700467305702516,,True,False,False,
0x98319863e839af6654caace9f296608ed1f1ad5d,2022-08-04 20:59:29.985959+00:00,806a7fc35685b4b36599ce895ef274088943a26f19a0737d1e9d163e,zxchahahaha,2452092193,116,Fri Apr 18 23:50:50 +0000 2014,,,0.37292873825304473,,True,False,False,
0xa74255acb7d05489ad681439d519b733a71c2e74,2022-08-04 21:03:57.285624+00:00,7bd2076688f7bd2a9c5f8d544cd0d2a68da5b1e615ae082636ef3293,ess_nft,1549480052064243717,2,Tue Jul 19 19:43:36 +0000 2022,,,0.100081438959784,,True,False,False,
0x566e18c471a20cce2884dbb3dca1f95ac73cb0fa,2022-08-04 21:16:43.701011+00:00,816e44c738a0c98832bd727542a41a24aea897d690aa0ecc5112ccb3,WhiteNFTtwo,1543770942089752577,0,Mon Jul 04 01:37:47 +0000 2022,,,0.1239994425924772,,True,False,False,
0x27e12c5f1d315a75337190e23fc85d1590156d30,2022-08-04 21:18:31.832204+00:00,8a2336b8613bbb77bcaa7fe005f864821a9c6543d064b11182a39756,herb_istt,95022887,1083,Sun Dec 06 16:03:33 +0000 2009,,,0.036642443577958324,,True,False,False,
0xa72aff9c67181d0ace646c9a97a6ea00918f15ea,2022-08-04 21:22:51.643477+00:00,02ee9e4f12ab4cfb2391461d28702e698cb5cf23c507b444497ba721,PuffoBoscaiolo,1531685652550533120,13,Tue May 31 17:15:01 +0000 2022,,,0.019854791229682787,,True,False,False,
0xbe97ebeef06a0388294cfc33418793ae38bf1f0c,2022-08-04 21:45:40.969994+00:00,7bb4b7a31b6955a5cd4b0a0957a173db598a75e3e5183615c61e4782,bubbetta,1451176815393923073,102,Thu Oct 21 13:21:52 +0000 2021,,,0.18041649493960094,,True,False,False,
0x57d174665bcc081a3261a30be418616d5c3bbeba,2022-08-04 21:46:06.759816+00:00,7bb4b7a31b6955a5cd4b0a0957a173db598a75e3e5183615c61e4782,Evamelmey,1423723905127170051,37,Fri Aug 06 19:13:53 +0000 2021,,,0.1517115865242024,,True,False,False,
0xc7063882fa5528efc14ce6af198e6be190a5e3ab,2022-08-04 21:46:35.308130+00:00,7bb4b7a31b6955a5cd4b0a0957a173db598a75e3e5183615c61e4782,nastinkaya,1489905636007628805,67,Sat Feb 05 10:16:07 +0000 2022,,,0.3302747971809567,,True,False,False,
0x22faa564b9955eeaef3ace6da21740a40920a950,2022-08-04 21:47:49.488933+00:00,816e44c738a0c98832bd727542a41a24aea897d690aa0ecc5112ccb3,WhiteNFTthree,1543773603077885952,1,Mon Jul 04 01:48:15 +0000 2022,,,0.13744299490433085,,True,False,False,
0x63c44ac1b2774bbe65452fef78c001629c00c883,2022-08-04 22:08:29.994270+00:00,816e44c738a0c98832bd727542a41a24aea897d690aa0ecc5112ccb3,WhiteNFTfour,1543775643849986048,4,Mon Jul 04 01:56:22 +0000 2022,,,0.15459267432857757,,True,False,False,
0xde393b2ac88f082a8035498720ce88d757e9a2c4,2022-08-04 22:19:18.167461+00:00,7b84c5e7b38209fa21e5c7c632adc8a301b8b8a7106e93fee979c37d,0xbardia,1365282827017871361,1210,Fri Feb 26 12:50:41 +0000 2021,,,0.10045541058059575,,True,False,False,
0x6f4470181295cdbcf8a49aaf6bd78f84d005e19a,2022-08-04 22:26:11.480692+00:00,5804b7446c63ebe9010d695a1d5de1e2a8efb866c9b85d2ec58e463b,juleshaily,95065485,25,Sun Dec 06 20:21:43 +0000 2009,,,0.09659243898018868,,True,False,False,
0x207a1868c0063039461b953b811ebe84d14da5bf,2022-08-04 22:28:23.055172+00:00,9607ad0f678028a56e9380741a9ec446832cc980a16eefda249eba7b,4tt1Mi,1486586195895361538,222,Thu Jan 27 06:26:07 +0000 2022,,,0.03581436000396087,,True,False,False,
0x5bfc18fdc4c845c84481ac9fe7f6c1ae55d123d0,2022-08-04 22:37:26.949870+00:00,2ef602cac7ecbf0dc3a280526bf898b719e31c1b08281f52fbc03388,humerain,452169632,329,Sun Jan 01 14:14:52 +0000 2012,,,0.13367626834999347,,True,False,False,
0xb589011c3fc43bc61453f4d6e507fc466accc56c,2022-08-05 00:03:21.961032+00:00,24c0a31904149ae6116235b8d87f2bba82b4934048b10cfba4108275,PlateauLegacy3,1494449788095541251,18,Thu Feb 17 23:13:05 +0000 2022,,,0.4591497673059129,,True,False,False,
0x602160f62d420e9154fc5167243440891d6efb4b,2022-08-05 00:03:31.225613+00:00,666d4965c17326e9efd83c28d00b8dccbc5fd3817b3ddd389ccd6b52,IwasRizvi,1454931325136297985,28,Sun Oct 31 22:03:38 +0000 2021,,,0.4358111179347177,,True,False,False,
0xfcab3794dceb5485aa127c8acbc1aa0cca80f393,2022-08-05 00:03:55.229875+00:00,666d4965c17326e9efd83c28d00b8dccbc5fd3817b3ddd389ccd6b52,NFT_Huntrez,1454939379970023433,39,Sun Oct 31 22:32:43 +0000 2021,,,0.30451814164643803,,True,False,False,
0xf8971d48ac34c4434dec5cd2da76e0fb37e6c8b2,2022-08-05 00:25:59.118502+00:00,54f915f8327b8a357eb0befd4b3797ce7773cb620e46e007069eb287,FirandikaWildan,1057444754185641984,2148,Wed Oct 31 01:30:50 +0000 2018,,,0.1310549680140177,,True,False,False,
0x4a2e95539450504945eab0b3d4111cc1792d7c34,2022-08-05 01:00:00.109411+00:00,54f915f8327b8a357eb0befd4b3797ce7773cb620e46e007069eb287,AndikaDana4,1152398433421971457,41,Sat Jul 20 02:02:51 +0000 2019,,,0.1,,True,False,False,
0x7accdfe077f5e55f74a067ea18390fd266406b2f,2022-08-05 01:26:02.025622+00:00,142ae622db95730bfadc90e8f59f82972be61a7cf340dc87b29ce765,Alqatrony_NFT,536303467,60,Sun Mar 25 13:27:49 +0000 2012,,,0.02080648834204691,,True,False,False,
0x7f5ee6822208b8113d69b0827e9d397236c8ed11,2022-08-05 01:28:32.920195+00:00,54f915f8327b8a357eb0befd4b3797ce7773cb620e46e007069eb287,MZaynulhaq,1059745782989869056,125,Tue Nov 06 09:54:18 +0000 2018,,,0.10760568573008557,,True,False,False,
0xf7ef3935acb22079c7c2107f7a2f508c76b431eb,2022-08-05 01:39:36.355660+00:00,54f915f8327b8a357eb0befd4b3797ce7773cb620e46e007069eb287,Winnayulia,1027376683215540224,194,Thu Aug 09 02:11:03 +0000 2018,,,0.20197085457130684,,True,False,False,
0x681d09a8687388241720e92abe3162da3c85f64c,2022-08-05 01:42:34.035265+00:00,0448b45a7f654d86886602895d1c8f755f5b8c1fa9ebc26c45349cf1,dongdonghou1,1515842656378974209,74,Mon Apr 18 00:00:43 +0000 2022,,,0.2844634192025952,,True,False,False,
0x00b627f7da55c3e09100b75c1414e751d9d89bdc,2022-08-05 01:48:50.427024+00:00,54f915f8327b8a357eb0befd4b3797ce7773cb620e46e007069eb287,kurni_tomi,1078269698137939968,112,Thu Dec 27 12:41:44 +0000 2018,,,0.22567837777415814,,True,False,False,
0xcc982c45c627f3521b5230a5b48ef7ca6d07dc7d,2022-08-05 02:40:32.920839+00:00,54f915f8327b8a357eb0befd4b3797ce7773cb620e46e007069eb287,Suyanto92784997,1026355554535403520,70,Mon Aug 06 06:33:27 +0000 2018,,,0.09950021857240837,,True,False,False,
0xff22866352aa2d6d2b3fc84f383078c4afe147de,2022-08-05 02:54:03.942379+00:00,54f915f8327b8a357eb0befd4b3797ce7773cb620e46e007069eb287,ramadhan_renald,1043329920888238081,88,Sat Sep 22 02:43:32 +0000 2018,,,0.1418539849142042,,True,False,False,
0x315e80867db0b454461787f29993f2557f0d2710,2022-08-05 03:00:11.214796+00:00,54f915f8327b8a357eb0befd4b3797ce7773cb620e46e007069eb287,ferianto_ilham,1078285534525440000,37,Thu Dec 27 13:44:39 +0000 2018,,,0.1616473857978052,,True,False,False,
0xf6899b1b495fa263bb8d214f8aff56caf13ea358,2022-08-05 03:01:32.755390+00:00,99eab9734c14356caefe7a4a0e57fa96e7cc5eb66aa436c417fc1ecf,Sun_Lion_Sun,1445882769314238471,204,Wed Oct 06 22:46:13 +0000 2021,,,0.012699886576719416,,True,False,False,
0x569666be14c66218468b1cddf347902feba17a6b,2022-08-05 03:26:28.055931+00:00,4aad289aa37a73baa61c13c346405dc9d719281dc3a13d4e0387a1bc,DREAMHYPEBEARS,1461234442853576704,2,Thu Nov 18 07:27:31 +0000 2021,,,0.3325021905410133,,True,False,False,
0x0953678ac2ee8571486ca9f94d3306d403cc76c0,2022-08-05 04:16:17.534254+00:00,726a4acf618084f449a144367c1e1037c8833c8bba3baf3674ad9c9b,GunGunbacon,1508474999862009857,69,Mon Mar 28 16:04:30 +0000 2022,,,0.12115979321419001,,True,False,False,
0x6012de81fd667f9eb5dc58c897112227c02924bc,2022-08-05 04:18:14.057590+00:00,5405f5733d41c30ce49c88e7f062ecbbd1c89f706df1211334069be2,wizardynft,15565766,1122,Wed Jul 23 16:11:41 +0000 2008,,,0.16591342584635704,,True,False,False,
0x25469dffe6d0d88819d089c218ca21d15154ad6f,2022-08-05 04:21:08.508622+00:00,1c3350d8ee2a35f1706f8d932876c0e8962b8154d6d967b8c3a52130,cellotrader,144928631,175,Mon May 17 17:45:53 +0000 2010,,,0.40297296091543583,,True,False,False,
0xd6060e30701fa71c86237d18b8b1740d8d273365,2022-08-05 04:47:40.308872+00:00,5cea58ba65b76f4fcf36253d04a034bcc03d5a15eef98f43413b95af,onliner85,919416108842737664,146,Sun Oct 15 04:14:17 +0000 2017,,,1.0317737468691093,,True,False,False,
0xb5f936a9a4e6eaed966d974994323ad8560b563c,2022-08-05 04:52:07.590717+00:00,c8533fd7e3b69f553db795ac4eb1b646fb1cefe45b8e4315b3d7facb,Giwings,1438325766362591234,38,Thu Sep 16 02:16:09 +0000 2021,,,0.005605106160660644,,True,False,False,
0x79e7f2ca47600477e6cb401e2f5386587e2a033b,2022-08-05 05:04:16.642622+00:00,c174549a90a4629a5105d7ba55d73d26e4c66f3d27533f1c5be72552,kyoshao,185187473,237,Tue Aug 31 12:28:15 +0000 2010,,,0.113336722576593,,True,False,False,
0x0242fa83a30cc95e53658d0da6f3c0d0a178c0b7,2022-08-05 05:37:05.953563+00:00,dbbe5eade47fc4f5a05c915234c34b88f770086f26ef91d61170d6df,beef1218,336145607,190,Fri Jul 15 20:24:59 +0000 2011,,,0.2165492717500006,,True,False,False,
0x5e7794141088d49f95b11e0d96527d639e66392e,2022-08-05 05:39:36.383300+00:00,da48ead7895c2f00a6f089210383f53186331e8ee779754196e98fe8,tivajnhu,1234598318052868101,14,Mon Mar 02 21:55:59 +0000 2020,,,0.136753144483573,,True,False,False,
0x3214e59acfa3ed9a8c561136d2bcd721de702abf,2022-08-05 05:48:54.659657+00:00,fea510375772b1ece557ffbfac8ce5ff4c421a4017ad5176f6e4083f,AngeliaSkelton,1514160453546434563,10,Wed Apr 13 08:36:09 +0000 2022,,,0.08824646431155693,,True,False,False,
0xbcc84dd5456fab41d2abe9d54c7a1abc8e74cd7e,2022-08-05 06:06:39.439230+00:00,947cf7859e45ad95990a4d28cb7ba3e347c8c305e6dca9667bbc969b,18ssna,784970692064268288,300,Sun Oct 09 04:16:11 +0000 2016,,,3.217148699891801,,True,False,False,
0x56e1b883a7ee8c948d014af899e2710b8b89de6d,2022-08-05 06:10:48.169253+00:00,586c3be72d6e7b7353b59752b9d37c6ca763380abdd9093b2e36bd16,realpandapunks,1360041072680783875,36303,Fri Feb 12 01:40:55 +0000 2021,,,1.3741960369839632,,True,False,False,
0x78cac3775c5737161fc9981fcbba76aaa98c338e,2022-08-05 06:14:32.055848+00:00,d2df49fcd7990be721092df5977fa31afcad74957906835c38e4927c,BaroniKarl,1353501137618481154,76,Mon Jan 25 00:34:40 +0000 2021,,,0.1572696122845039,,True,False,False,
0x5cd1589d87fdc9245cb40c161e17f5e3c8fb05dc,2022-08-05 06:16:13.344228+00:00,e066381157fb66edb7fb37491f9ad48e56779da82e0400c7abaf3815,11kit11kit,1565032261,29,Wed Jul 03 06:17:35 +0000 2013,,,0.020377590490036356,,True,False,False,
0x3fbacfd839b5f67173a95bc745e91422d00f3118,2022-08-05 06:42:43.731608+00:00,3121b82cd2bb9478f2ea76daf96c67ae4129f2aba674ec3bf7df231f,DericoKip,1515916863959576577,0,Mon Apr 18 04:55:43 +0000 2022,,,0.020759392780519,,True,False,False,
0x22b2ccb53963da600c83191db1ce3f61f92dcf45,2022-08-05 06:49:25.085491+00:00,1070011a76d7082b1a143f71766f2f1afcbf77b1fdebffacb625cc87,jjssppkr,427138014,3336,Sat Dec 03 04:54:04 +0000 2011,,,0.10303330543843779,,True,False,False,
0x8ffc92eea2f9e1a3011b37a832d9f5f648694010,2022-08-05 06:50:01.625099+00:00,2b365787a572fffefa98dc364ef077e3dfb6d02c0f81b15937795a61,woary123,1507768399144783872,264,Sat Mar 26 17:16:19 +0000 2022,,,0.025284613041330728,,True,False,False,
0xcba8c23c904ad38a6774c0fdceb97b1ca218ae79,2022-08-05 07:12:48.236671+00:00,720593eb2c9ea6f0b708f6081823910944c84b8312a8b67b5b5f761e,xiyangyang9899,1515991349111451652,1,Mon Apr 18 09:51:29 +0000 2022,,,0.029015995515771,,True,False,False,
0x78fdf375cd554503ff4b3c2b475fac1ae16aa21e,2022-08-05 07:17:46.249484+00:00,f61c1d15b6946dd056cef22f36ff7477561fac3eb4e93791ba848c6f,hadi_santoso72,1089127049166413825,44,Sat Jan 26 11:44:58 +0000 2019,,,0.10994072909762902,,True,False,False,
0x733ab9a320c5f27ff1c8fd95d338bd76ee3e11d1,2022-08-05 07:21:40.440294+00:00,5ec119580d8883c6dd4cd3443313e3d6f91f7b5f7bde43e1109aa250,yinyoudeshiren1,1509661923364597797,31,Thu Mar 31 22:40:34 +0000 2022,,,0.5212089803752206,,True,False,False,
0x9d81edf075a7fa717b4d1db7a40aeb56868269c1,2022-08-05 07:38:21.461642+00:00,88b5847ef38ba1ff67bd33fcccb5f994aa6e38a3e0e918829baf3def,Cbclick,215821895,359,Mon Nov 15 00:44:02 +0000 2010,,,0.008815828316099925,,True,False,False,
0x32b42d31ba7b5eb8e5c7b9f9677ec1a0aa0314e9,2022-08-05 07:41:50.399240+00:00,7eaac06d247c45c90e3dccb369625a583a2695888509bb6b8c414690,sjwytuda,1515989548513501185,2,Mon Apr 18 09:44:21 +0000 2022,,,0.027722462027864,,True,False,False,
0x945d2b50e64a7666289a428019b18e1390791d9e,2022-08-05 07:45:14.671927+00:00,bd7410ef5425871e44750b5492eb9944dd705b5840347d09d71241a5,yihan0202,961492119851421698,119,Thu Feb 08 06:49:19 +0000 2018,,,0.06632958913042906,,True,False,False,
0xdbeb156f3130adc28e171a9f2c3ee8280399effb,2022-08-05 07:45:48.467640+00:00,45b00d4ebe8807029c3bf11d21f783bb9cc25712fc53193ce7e01535,linhbott2801,1487273596292845571,21,Sat Jan 29 03:57:15 +0000 2022,,,0.10263699410714822,,True,False,False,
0x94b3780310039c568889c824d1fcf825e140be37,2022-08-05 08:06:20.640361+00:00,17e87d60f3fd63c85bf404d9ac57dcfc773f304b2ff0949677c1fa37,headgemhunter,1395370809166901248,1743,Thu May 20 13:28:32 +0000 2021,,,0.021146793152814,,True,False,False,
0x4835160107e5b612c07d0a67af120a208ef6c300,2022-08-05 08:06:58.168766+00:00,9c3cb1051132eaee1417a66a6611fc36becb26e54b42cd1b4ed3d102,rahmatwiratmoko,581394130,313,Wed May 16 00:55:48 +0000 2012,,,0.1117619650392437,,True,False,False,
0xb3f44b93a19ab595f17ea420a358dade9f27f2a9,2022-08-05 08:15:58.170834+00:00,9abbf35e3f1008ce7d7656462df1c0b853d14aab5868b2a504f372ad,linhnguyenapero,1487272817754136581,24,Sat Jan 29 03:54:09 +0000 2022,,,0.07056712753082502,,True,False,False,
0xcff51fed8b8830440eb916dc02815753782510b6,2022-08-05 08:22:05.219179+00:00,aac6afafc4bb0753f8b3c71fa0e8eb2a967750b8846de02badbb1643,danny850105,2697718302,40,Fri Aug 01 08:32:45 +0000 2014,,,0.14936581188374967,,True,False,False,
0x6d96721e3dcf65c87c4edb3096d3285c1e290113,2022-08-05 08:24:27.662644+00:00,efaa50377d6194aad7217da2be63a6c33eb660deb0fc25b71ed25916,ooppkk13,1549839834591608833,2,Wed Jul 20 19:33:21 +0000 2022,,,0.03249109192825833,,True,False,False,
0x54ef510fc6460097873973368c59b98a7e2aab8b,2022-08-05 08:26:12.629892+00:00,f61c1d15b6946dd056cef22f36ff7477561fac3eb4e93791ba848c6f,YusufMa39816766,1077424023137542146,92,Tue Dec 25 04:41:19 +0000 2018,,,0.12075399171206563,,True,False,False,
0x1d0b448a5c36d0d3885d8c2eb3f6f8888d5ced8f,2022-08-05 08:38:42.462870+00:00,01215288827d534a0996ed3b1496a53daf6691b3955b582feb416d75,zhang_zimin,1484116277258260482,11,Thu Jan 20 10:52:18 +0000 2022,,,0.5830738156936077,,True,False,False,
0x0cfba4e90b7fb0bac2bd4b80ca3162d4b188cfff,2022-08-05 08:42:27.417643+00:00,b630d56dd1789e45e2e4b56139a78a3e9da5b735df5f634b06cba3d0,jaewhy1102,1463734245189251073,75,Thu Nov 25 05:00:22 +0000 2021,,,0.24159228053803483,,True,False,False,
0x196073a6be96996122b81854634475928d247195,2022-08-05 08:47:20.290390+00:00,ed754c6d65c7313ac95ba272948040c7335eb91442425b2231f5e435,8BaoNFT,1527994540015386624,4,Sat May 21 12:47:48 +0000 2022,,,0.42787247010012147,,True,False,False,
0xc59edd4f2a8f565c91529eb15f9c461f978cd53b,2022-08-05 08:58:28.791288+00:00,b7f0ce8a00441647631c69287b3aa5b3e7c747860dcb0f4dbba59ec4,queennft715,1539589842849640448,30,Wed Jun 22 12:43:24 +0000 2022,,,0.38875048288760883,,True,False,False,
0x0027b7b99b712b61d4e2c607c39dd56e467094fe,2022-08-05 09:02:04.401245+00:00,6693e006f8d1c90e44a4ccb1744e41ec513847cf599c9a180cd8e478,Gimmiegif1,1493598007014604815,30,Tue Feb 15 14:48:17 +0000 2022,,,0.062298788491950786,,True,False,False,
0xab7677798443e40a12371e2a2d704f6b8bb51f8d,2022-08-05 09:20:48.461847+00:00,b7f0ce8a00441647631c69287b3aa5b3e7c747860dcb0f4dbba59ec4,room702nft,1539625875804950529,28,Wed Jun 22 15:06:35 +0000 2022,,,0.31750562679776895,,True,False,False,
0x6ab7b619e11dd533a2b01c51d5d6db37829b2706,2022-08-05 09:30:26.795634+00:00,6d0c8521302a9f678d0cf82fc45f4a179b770d9a41d237beb0358c8c,jackykao15,726202186854625280,313,Sat Apr 30 00:11:08 +0000 2016,,,2.392768075904093,,True,False,False,
0xb9f1d1f37fdd3a4dbc9f3d7f676d68533572e524,2022-08-05 09:33:42.951253+00:00,b7f0ce8a00441647631c69287b3aa5b3e7c747860dcb0f4dbba59ec4,timeforgold2022,1509021780140183554,34,Wed Mar 30 04:16:58 +0000 2022,,,0.3007044732455565,,True,False,False,
0x638adc0eb925e33f8e9402a5fe4ca3e758f88351,2022-08-05 09:35:41.939853+00:00,7f06727d02ea9d8a17772089a1fd04f00496b4299d461ef265ad5e70,xamiguo,393925718,2290,Wed Oct 19 09:19:27 +0000 2011,,,0.36666573194860697,,True,False,False,
0xe853646d4a69fb153ccfeb769093759d3fea871f,2022-08-05 09:42:37.145228+00:00,ba66247febe1155326faa8968f0688ae48b53e48f4136d31e9bee91e,CoinMasker,1350459414914887680,563,Sat Jan 16 15:06:39 +0000 2021,,,0.1994078272721126,,True,False,False,
0xda44d8268c23fb4dc36fb8f20a43115c79c5c79e,2022-08-05 10:30:35.637485+00:00,aec5f04d53a56b8d0ed189cb171ac7e870ddb5107e429cbb31440baf,totheearth66,1489561073434824707,153,Fri Feb 04 11:27:11 +0000 2022,,,0.1567321806801879,,True,False,False,
0xc2493fd7d7418308877cdf654cc4b5cfe8445c09,2022-08-05 10:31:24.270043+00:00,37d9bf45ef0afebcca733267fdfa9b42dc4999c913748ed68824df75,yaoshicong4444,2615153269,4,Thu Jul 10 09:14:23 +0000 2014,,,1.0158322945309795,,True,False,False,
0x87a5ee283e602718957fdc1a4a60f1cd290500ea,2022-08-05 10:43:36.384871+00:00,0d072076082e4dcdcdd1ceb38d7f1f07659ac0d2018da8e4fc3195f0,pondo17,748281613,48,Fri Aug 10 00:54:29 +0000 2012,,,1.1066609488128585,,True,False,False,
0x3919db35dea8a1e4e4a2c7cbb1121dc536713969,2022-08-05 11:03:15.346036+00:00,786c2cfe6aa62cc4bedbd82a81a7cb579f923bc96de85e9a1c820a0a,fatalerror404fu,1535899309907906561,28,Sun Jun 12 08:18:36 +0000 2022,,,0.10282369132955484,,True,False,False,
0xc7f90ce38279e48d79689c6a244ddd62f865f4ca,2022-08-05 11:04:20.038950+00:00,fdd8614b62b8c020150031d010f5e56cf3b218036249178b65a7aa98,eastcoast_easy,1399376109658066944,516,Mon May 31 14:45:15 +0000 2021,,,0.18398327001585563,,True,False,False,
0x4bda647b32fd4ac36d990c86933b72cca5ca6f50,2022-08-05 11:07:03.954212+00:00,7bbf800e152f608187391df83dafa7b5f968c6d3936087c5b53fdf1f,John_Abruzzi_91,1554532909377355777,1,Tue Aug 02 18:21:54 +0000 2022,,,0.10108472,,True,False,False,
0x01c57b895449830d2d95e7152dcf8a41fe8f4569,2022-08-05 11:17:42.558964+00:00,1d78a965314b995549751a3316eb3438ee931462b994b34efc48a9f0,ZANZO1998,1540231590663569408,6,Fri Jun 24 07:13:37 +0000 2022,,,0.010672156809624193,,True,False,False,
0x9b2726adcf67b20f98e6d34e80370ca25125a845,2022-08-05 11:21:56.423607+00:00,e86c1a36c76ea34f55e819bcf2b95e81f8b0d6a2f9512c5268c80022,YJ_9527,1482182194957545474,77,Sat Jan 15 02:46:05 +0000 2022,,,0.029087913328357733,,True,False,False,
0x0e706eb35016519a1989907c31a6925b7af74aca,2022-08-05 11:23:30.718999+00:00,786c2cfe6aa62cc4bedbd82a81a7cb579f923bc96de85e9a1c820a0a,joy385nft,1535934461291810816,30,Sun Jun 12 10:38:12 +0000 2022,,,0.3566900292655467,,True,False,False,
0x612d07db00a2b7067f2ed5e5dc50cfe48a49695e,2022-08-05 11:35:37.376813+00:00,97a91e3220326550422b0202cd380a4d6dafba75bf675603a33f4de0,jorgiitoaquino,1615394804,4606,Tue Jul 23 14:27:18 +0000 2013,,,0.005916399426168468,,True,False,False,
0x5c21f81ebb321ede0203733495e59083f3bc9d70,2022-08-05 11:44:07.550728+00:00,786c2cfe6aa62cc4bedbd82a81a7cb579f923bc96de85e9a1c820a0a,vievienft,1539732264078417920,26,Wed Jun 22 22:09:18 +0000 2022,,,0.12851044775053302,,True,False,False,
0x66eE17D0e530fA9DEC4EEDB2DDD92FC3fcb1528f,2022-08-05 11:44:27.632900+00:00,aec5f04d53a56b8d0ed189cb171ac7e870ddb5107e429cbb31440baf,O6666Ooo,1506349812769181697,154,Tue Mar 22 19:19:35 +0000 2022,,,0.11807432528271566,,True,False,False,
0x85b826b5eb230d03ce1bb41ded646909bf0c3f4e,2022-08-05 11:45:52.293137+00:00,3a2c01bbef5587a836f6fc87aeca414ab035c2f15c21125203c3fd45,OfficialDr4co,888001416,75,Thu Oct 18 03:12:30 +0000 2012,,,0.3668638133298659,,True,False,False,
0x14b49f51c711a908dc1cbaf9dd65d19263011224,2022-08-05 11:48:55.001310+00:00,9bc66f505aa0adf2c53f6a0e8d48884d05dac5f1881782dbe8bdded7,TangAnbo,1448538453193289729,30,Thu Oct 14 06:37:59 +0000 2021,,,0.10331417794279349,,True,False,False,
0xbf4b61a8b9974766769ed7dfd22d1c96647174dc,2022-08-05 11:49:49.605672+00:00,8d00d5d70d7520198c6b0c38066b9ba7d485298e2176cbc8ffed5abe,3qgotem,1554365058271956992,8,Tue Aug 02 07:14:55 +0000 2022,,,0.7354299578530561,,True,False,False,
0x742191cb70ede8688c852e471a290c683e22e569,2022-08-05 12:25:53.362267+00:00,aec5f04d53a56b8d0ed189cb171ac7e870ddb5107e429cbb31440baf,Kris123455Kris,1545523170375045122,149,Fri Jul 08 21:40:23 +0000 2022,,,0.10251911442486433,,True,False,False,
0x311bdab096705b57f564d7d6df728fc9c9b40b4d,2022-08-05 12:49:28.634976+00:00,a551a2515e4da254436785c0a31510eb839dea5a9d6d8b726b15489d,christoneo123,3024500597,289,Sun Feb 08 05:36:48 +0000 2015,,,1.1185218739356049,,True,False,False,
0xfec70d613f207591f53dbf3097d7b90c2f7d67bb,2022-08-05 13:46:28.805998+00:00,3ee4427ba54fc6bd7d4beec313b375cc3344479bbd3dda3b9f2c54c0,Keisukee56,1496768499993440258,502,Thu Feb 24 08:46:43 +0000 2022,,,0.008363804932614785,,True,False,False,
0xc2e83a2a14092388920b133a53b9ff2b53dd6bf1,2022-08-05 13:48:26.467858+00:00,06b2564b768280a97821d6141fd867505849c19c9faf6b7310ddd43d,PhosphorusNsm,1267221880710275075,183,Sun May 31 22:30:21 +0000 2020,,,0.0889507290811761,,True,False,False,
0x828d70c702ba4d217f333d7f2cb6a7c768285ea1,2022-08-05 13:52:24.311523+00:00,237a7309b1a26fc2d650aedc5d0092355e06aa5655e02bfe32e779cb,raceyourself,268558416,710,Sat Mar 19 01:07:38 +0000 2011,,,0.08200172329837793,,True,False,False,
0x01fc666b08080edd41b91d21b40010fce9dc8aa4,2022-08-05 13:57:01.775548+00:00,13e6ee4fa654272061e23b2b4c55049221b5f59c169f4ba2a3151359,zn415257821,866998930860523521,25,Tue May 23 12:47:08 +0000 2017,,,0.3897078475280345,,True,False,False,
0x7ad036bcf5f5d01a8630d895c1e2c06582b85d95,2022-08-05 13:57:28.618362+00:00,850521aa0b312659c67e2c0d9e8a32a1899f78df84053456f4041e0b,Sssd69413433,1190961888823316485,2,Sun Nov 03 12:00:25 +0000 2019,,,0.04024289336118577,,True,False,False,
0x5b834f5beb52ecf725d600ad590afaa61eeb677d,2022-08-05 14:01:26.429474+00:00,47b3a0d756d58c9f49029a0647e0e5b3269c4eef6c7998261002be73,hollyciagaa,165521408,86,Sun Jul 11 20:35:36 +0000 2010,,,0.005,,True,False,False,
0xe14c50761ea8f105c6c3fd0d7b409ed3d08d2421,2022-08-05 14:06:48.494685+00:00,0f373cfc32397a1dad51f5a81ad79a362cf3c7418ddb8190cd54272d,Nostale666,1518124078204293121,16,Sun Apr 24 07:06:15 +0000 2022,,,0.010116155539129515,,True,False,False,
0x40d8181bdcc9f5fa0df5f581501111f9c6f402c8,2022-08-05 14:12:57.178056+00:00,3fec641d1129d004ba7a7006efee48c8e2aab7dbb6e52fea192e0ffe,jiari76,1380464923386413058,33,Fri Apr 09 10:17:53 +0000 2021,,,0.10781212817155993,,True,False,False,
0x7a855526f3cf3722bb2944037960d5adc4f00bee,2022-08-05 14:18:50.229496+00:00,826c60bb56d34a6652932c77fb4d66b69a79f64aeae7707052978191,GaryLin04,1466786444203405315,111,Fri Dec 03 15:08:50 +0000 2021,,,0.2617874769274414,,True,False,False,
0x069c1d6161530a5b007de1e8a48261f2b137eeec,2022-08-05 14:25:45.197515+00:00,0c5c4bed3b692433973414c776333f69ca7bac81de6e1478ed4c03ea,cryptolawyerarg,1384914767320657920,2096,Wed Apr 21 16:59:55 +0000 2021,,,0.1891277760584205,,True,False,False,
0x6610b4f60279ea67e27899de029f5b2b11eece38,2022-08-05 14:30:30.544642+00:00,e9d8cbc33fd4047eed9a06cdca1afbf92021b49933e6729a12de25e5,aycaramba2424,1555191243491405824,0,Thu Aug 04 13:58:03 +0000 2022,,,0.05,,True,False,False,
0xf7ad1c0be516a467309937afcbe43003566f1350,2022-08-05 14:32:20.420224+00:00,5fa1d10addb45025c4462bd7ec0bc9825b0bfb0fcc18481ab0945f94,1dokuz6yedi,1389537015402749956,1,Tue May 04 11:07:05 +0000 2021,,,0.017015400132606204,,True,False,False,
0x87c89f5f027b0dc4626e92d92e5964ff8661df84,2022-08-05 14:38:18.440603+00:00,d04199868db779868b697291ecce583538e66e85ea8d856d614e693d,rodjrdnf7,1538119767835709440,2,Sat Jun 18 11:21:50 +0000 2022,,,0.2750494969858157,,True,False,False,
